1,"Bianchi ビアンキ NBTC-35 ブラック メッセンジャーバック バッグ",5940,0
2,"Bianchi ビアンキ　USBコンパクトライトB　フロント ライト",2975,0
3,"【中古】講談社の世界絵童話全集（8）ロシア童話「十二月物語」絵・谷俊彦、文・宮脇紀雄／「ビアンキの動物物語」絵・古賀亜十夫、文・網野菊講談社昭和37年4月発行［管理番号］児童書850",5400,0
4,"BIANCHI ビアンキ REGULAR TUBE ROAD 700Cx18/25C ロード チューブ PTUBR",1262,0
5,"CMR 1:18スケール　レジンモデル　1963年SPA 500KM フェラーリ 250 GT No.44Ferrari 250 GT Drogo #44 4th 500km Spa 1963 Langlois van Ophem, Bianchi 1:18 by CMR",19980,0
6,"CMR 1/18 ミニカー レジン プロポーションモデル 1964年ルマン24時間 5位 フェラーリ 250 GTO No.24Ferrari 250 GTO #24 5th 24h LeMans 1964 Bianchi, Blaton 1:18 CMR",19980,0
7,"BIANCHI ビアンキ Alloy Pulley 11S Ceramic Bearing",5130,0
8,"Bianchi ビアンキ Plastic Bottle Cage ボトルケージ",1334,0
9,"Bianchi ビアンキ NBTC-01 ボディバック",6372,0
10,"MARCO BIANCHINI マルコビアンチーニ　レザー ハンドバッグ 革 ブラック 黒　バケツ型【質屋出店】【中古】",8000,0
11,"Bianchi ビアンキ USB LIGHT FRONT B ライト フロント",5832,0
12,"【BIANCHI】(ビアンキ)USBライト B フロント(自転車)4580058482349 JPP0201003BK000",5346,0
13,"【BIANCHI】(ビアンキ)USBコンパクトライト C リア(自転車)4580058482332 JPP0201002BK000",3168,0
14,"【BIANCHI】(ビアンキ)リアキャリアバッグ 大(自転車)4573392620843",7722,0
15,"【BIANCHI】(ビアンキ)ウィンターフリース グローブ【グローブ】(自転車 ウェア)",4752,0
16,"クロスバイク クロスバイク ビアンキ ROMAホイールカスタム 2012 中古",50600,0
17,"【取寄商品】 CD/T.P.T.M.B.T.D./マウリツィオ・ビアンキ/MA-18",1848,0
18,"Bianchi ビアンキ　サングラス　フルリム",14300,0
19,"Bianchi USB COMPACT LIGHT C FRONT (ビアンキ USBコンパクトライト C フロント)",3520,0
20,"Bianchi ビアンキ ロールアップ アーバンバックパック",13200,0
21,"BIANCHI ビアンキ　ベーシックサイクルキャップ 2019",2750,0
22,"【送料無料】BIANCHI B9 ファンシーステッチ・ベルト 【ビアンキ インターナショナル FANCY STITCHED BELT】メンズ ミリタリー カジュアル サバイバルゲーム サバゲ アウトドア レザー 本革 米海軍 特殊部隊 NAVY SEALs",16280,0
23,"【あす楽対応】Bianchi LBTC01 ワンショルダーバッグ ネイビー ( ビアンキ / LBTC01 ) ボディバッグ",6490,0
24,"【あす楽対応】Bianchi LBTC01 ワンショルダーバッグ ブラック ( ビアンキ / LBTC01 ) ボディバッグ",6490,0
25,"【VALETTE/バレット】 SPEEDII（スピード2）【半袖ワンピース】サイクルジャージ/サイクルウェア/自転車/レプリカ/サイクル/ロードバイク/ウェア/ランニングウェア/タイムトライアル/TTスーツ/トライアスロン/ビアンキ/Bianchi",21780,0
26,"【BIANCHI】(ビアンキ)ミニツール10 A(自転車)4580058482165　JPP0211001ACK0",3366,0
27,"Stefano Bianchini『ステファノ・ブランキーニ』正規取扱店　レザースニーカー　B4301-NERO DEL",63800,0
28,"★ドゥエボットーニ クレリックに取り替え希望　DUE BOTTONI CONI COLLI POLSI BIANCHI",2200,0
29,"Bianchi [ ショルダーバッグ　NBTC35] ビアンキ 安心の正規品 【送料無料】",5940,0
30,"Bianchi [パスケース　BIB1506] ビアンキ 安心の正規品 @5292【送料無料】",5292,0
31,"Bianchi [名刺＆カードケース　BIA1003] ビアンキ 安心の正規品 @7020【送料無料】",7020,0
32,"Bianchi [キーケース　BIA1002] ビアンキ 安心の正規品 @8640【送料無料】",8640,0
33,"Bianchi [ 2WAY ボディ ショルダー バッグ TBPI06] ビアンキ @9612【送料無料】",9612,0
34,"Bianchi [ ショルダーバッグ サコッシュ TBPI03 ] ビアンキ @8532【送料無料】",8532,0
35,"Bianchi [ ショルダーバッグ　NBTC46 ] ビアンキ 安心の正規品 @6372【送料無料】",6372,0
36,"Bianchi [ ショルダーバッグ TBPI10 ] ビアンキ @7020",7020,0
37,"Bianchi [ トートバッグ TBPI07 ] ビアンキ @11880【送料無料】",11880,0
38,"Bianchi BIC1007 ウォレット @13000( ビアンキ )【正規代理店商品】",14040,0
39,"Bianchi BIC1002 ウォレット @7300( ビアンキ )【正規代理店商品】",7884,0
40,"Bianchi BIB1508 二つ折りウォレット @11000( ビアンキ )【正規代理店商品】",11880,0
41,"Bianchi BIC1004 ウォレット @9000( ビアンキ )【正規代理店商品】",9720,0
42,"Bianchi BIC1005 ウォレット @11000( ビアンキ )【正規代理店商品】",11880,0
43,"Bianchi BIC1003 三つ折りウォレット @8200( ビアンキ )【正規代理店商品】",8856,0
44,"Bianchi BIC1008 キーケース @8900( ビアンキ )【正規代理店商品】",9612,0
45,"Sleep Deprivation and Disease: Effects on the Body, Brain and Behavior SLEEP DEPRIVATION & DISEASE [ Matt T. Bianchi ]",38192,0
46,"Affaire Lardeur Et Bianchi FRE-AFFAIRE LARDEUR ET BIANCHI （Histoire） [ Lardeur ]",2956,0
47,"ビアンキ ボトル 680ml",1760,0
48,"ビアンキ×レイザー ブレイド+ AF CK16 アジアンフィット チェレステ ヘルメット BLADE ブレード LAZER レーザー プラス",13200,0
49,"ビアンキ ウインターフリースグローブ ブラック",5280,0
50,"ビアンキ ウインターライトグローブ チェレステ×ブラック",6380,0
51,"ビアンキ ロールアップ アーバンバックパック ホワイト/ブラック (JP193S3101WHBK0)",13200,0
52,"Bianchi LBBY07 ミニショルダー @5900( ビアンキ )【正規代理店商品】",6372,0
53,"Bianchi LBBY08 ショルダーバッグ @8900( ビアンキ )【正規代理店商品】",9612,0
54,"Bianchi NBTC57 ミニショルダーバッグ @5900( ビアンキ )【正規代理店商品】",6372,0
55,"Bianchi LBNA01 ボディバッグ @11000( ビアンキ )【正規代理店商品】",11880,0
56,"Bianchi LBBY09 2wayトートショルダー @9800( ビアンキ )【正規代理店商品】",10584,0
57,"Bianchi NBTC61 ウエストボディバッグ @4900( ビアンキ )【正規代理店商品】",5292,0
58,"Bianchi LBNA02 クラッチショルダーバッグ @10000( ビアンキ )【正規代理店商品】",10800,0
59,"Bianchi LBNA03 トートバッグ @15000( ビアンキ )【正規代理店商品】",16200,0
